{
  "project_info": {
    "project_number": "502707854430",
    "firebase_url": "https://elbd-c20bb.firebaseio.com",
    "project_id": "elbd-c20bb",
    "storage_bucket": "elbd-c20bb.appspot.com"
  },
  "client": [
    {
      "client_info": {
        "mobilesdk_app_id": "1:502707854430:android:6f7fb974b1878fe8",
        "android_client_info": {
          "package_name": "com.example.dell.elbd"
        }
      },
      "oauth_client": [
        {
          "client_id": "502707854430-glkpip7okrv2chbr79o6q04oho7tiq2g.apps.googleusercontent.com",
          "client_type": 1,
          "android_info": {
            "package_name": "com.example.dell.elbd",
            "certificate_hash": "8808f950bc8aa8b361f3b4894245e9b072947b48"
          }
        },
        {
          "client_id": "502707854430-sk53mk1lgipg2d31eovt5b6vgb6o2i8f.apps.googleusercontent.com",
          "client_type": 3
        }
      ],
      "api_key": [
        {
          "current_key": "AIzaSyDqu0Y5b37Nig-UvVpNIabmLhR-6EAn5V8"
        }
      ],
      "services": {
        "analytics_service": {
          "status": 1
        },
        "appinvite_service": {
          "status": 2,
          "other_platform_oauth_client": [
            {
              "client_id": "502707854430-sk53mk1lgipg2d31eovt5b6vgb6o2i8f.apps.googleusercontent.com",
              "client_type": 3
            }
          ]
        },
        "ads_service": {
          "status": 2
        }
      }
    }
  ],
  "configuration_version": "1"
}